listing,photo_url,description,is_verified,lisiting_id
dolorem ut sit,url,Sed eveniet ea quia vel dolor.,false,67
pariatur inventore qui,url,Autem repudiandae et dolore aspernatur architecto.,true,50
sed quas eum,url,Laboriosam ad sit voluptatem.,false,42
nihil enim et,url,Qui consectetur aut quia nisi autem qui laborum omnis voluptate.,false,99
pariatur consequuntur assumenda,url,Tempore iure doloribus natus.,true,44
sequi omnis qui,url,Nostrum dolor non doloribus nostrum voluptas tempora et illo ea.,true,74
corrupti ipsa aut,url,Ipsa unde assumenda quibusdam aut ratione rerum velit aperiam eos.,true,96
vel at at,url,Pariatur est doloribus.,true,20
aperiam velit corporis,url,Voluptates veniam alias est quam aut ut architecto accusamus aspernatur.,false,78
nihil est cum,url,Voluptatem labore molestias.,true,29
velit et facilis,url,Cumque accusantium et aperiam consequatur.,false,46
nihil quisquam est,url,Repudiandae minus debitis ut.,true,85
qui omnis quibusdam,url,Est magnam accusantium.,false,11
corrupti est magnam,url,Nam ratione temporibus iste sed ut eum harum.,true,98
ducimus laudantium aut,url,Et consequuntur aspernatur tenetur odit natus quasi minima.,false,29
ut consequuntur porro,url,Libero repellendus vero totam corrupti.,false,35
dignissimos dolorum et,url,Aut quos doloremque.,false,59
voluptas laborum fugiat,url,Aliquid distinctio incidunt qui non voluptas non.,false,3
sapiente est cum,url,Facilis dolore voluptas eos veritatis inventore omnis ad.,true,50
labore aut consectetur,url,Modi est possimus molestiae.,false,25
officia et cupiditate,url,Rerum libero dolorum consequatur rerum tenetur distinctio autem amet ut.,false,75
ut ducimus vero,url,Alias sit repellendus laboriosam culpa.,false,9
laudantium quia et,url,Illo eaque et.,true,57
sit quaerat officiis,url,Voluptatibus magnam ut.,false,88
consequatur eum molestias,url,Provident perspiciatis praesentium dolorum quia.,false,32
rerum est dolores,url,Doloremque impedit repellendus assumenda magni qui omnis eum.,true,65
voluptatem consequatur quidem,url,Culpa aspernatur consequatur vero eum.,false,65
possimus velit voluptatibus,url,Aut ipsa non.,true,60
laboriosam quia quod,url,Perspiciatis nam mollitia atque.,true,89
quia nulla labore,url,Distinctio nihil natus.,false,42
velit laborum maxime,url,Officia cumque debitis amet sunt enim ipsum sed animi.,true,71
non sit tempora,url,Saepe magnam fuga enim rerum ratione.,true,19
eum repellat doloremque,url,Autem animi repellat.,false,40
sunt aut minima,url,Voluptates eum possimus aperiam dolores qui.,false,10
perferendis minus excepturi,url,Dolorem amet maiores dolores eum.,true,65
et sunt aut,url,Non aut ut perferendis temporibus perferendis necessitatibus.,false,95
eum aut consequatur,url,Sunt porro fugiat laborum voluptatem.,false,61
sed enim dolor,url,Id aliquam recusandae fugit similique id quo.,true,46
et quod natus,url,Voluptatem et pariatur rerum.,true,98
iure rerum doloremque,url,Beatae maiores sint nostrum.,true,62
animi odit accusantium,url,Voluptatem soluta est sapiente vel molestias cum rerum placeat.,false,72
ipsam ut magni,url,Autem reprehenderit id assumenda ut.,true,43
est expedita voluptatem,url,Facilis modi atque voluptates laudantium.,true,79
rem dicta quam,url,Voluptatem id tempore rerum dicta necessitatibus consequatur.,true,33
enim qui omnis,url,Et cumque ex itaque quo distinctio accusantium explicabo nobis.,true,47
quasi laborum repellat,url,Eos rerum excepturi autem magnam quia assumenda.,true,41
rerum sequi et,url,Tenetur inventore et repudiandae unde et iure tenetur ex quo.,false,52
consequatur rem deserunt,url,Qui vel ut sequi quis distinctio totam magni saepe iure.,false,21
cupiditate ea omnis,url,Est praesentium voluptatum quidem ad aut aspernatur.,false,63
est dolor quam,url,Architecto repellendus minus.,false,52
nostrum hic magnam,url,Sunt quas iure aperiam et exercitationem voluptatibus culpa vel soluta.,true,72
nihil ad quis,url,Similique ad enim harum ducimus veritatis sequi libero debitis.,false,2
aliquid nostrum voluptatem,url,Perspiciatis ut laudantium ut architecto molestias rerum omnis.,true,98
blanditiis quisquam ut,url,Dolores eum praesentium qui accusamus asperiores.,true,27
dicta eligendi laboriosam,url,Autem dolorem quo inventore explicabo laudantium voluptatem sed asperiores.,true,54
error cumque nihil,url,Consequuntur rerum velit consequuntur aut pariatur aspernatur.,true,44
vel aut voluptates,url,Quaerat id ea magni cum nihil reprehenderit.,true,55
magnam molestias possimus,url,Quas voluptas itaque maxime nemo minus consequatur voluptas aperiam.,true,68
aut enim qui,url,Quia officiis illo debitis aliquid impedit voluptatum.,false,25
maiores saepe accusamus,url,Repudiandae quia reprehenderit.,true,23
veritatis cum asperiores,url,Velit dolorem nisi est.,false,54
necessitatibus officiis natus,url,Quod esse maxime quia quae consectetur ut dignissimos.,false,85
voluptatem excepturi est,url,Nihil et voluptatem est.,false,42
distinctio ipsum beatae,url,Vitae dolorem non est dolorum provident illum reiciendis.,true,60
amet odit maiores,url,Earum voluptas commodi et molestiae.,false,3
officia deleniti odit,url,Vel ut voluptas aut nesciunt.,false,55
eos corporis et,url,Suscipit voluptatum fugiat et iusto in quas et.,false,93
architecto saepe deleniti,url,Dolorum blanditiis temporibus vel et aut quia qui provident quod.,true,81
dolorem deserunt molestiae,url,Sed reiciendis sed.,false,81
hic laboriosam sed,url,Similique id molestias porro voluptatem assumenda quidem nihil eaque molestias.,true,57
tempore ut temporibus,url,Non pariatur molestias repellat eligendi.,true,6
alias quis omnis,url,Aut quia quia.,true,18
mollitia nostrum delectus,url,Et recusandae vel.,true,57
at et quasi,url,Illo cum in earum incidunt voluptatem quod ut.,true,25
est iure non,url,Itaque quae odio amet culpa amet quos architecto voluptas.,true,97
qui unde aut,url,Hic quod repudiandae omnis ad maiores culpa ducimus ut.,false,56
autem non dolorem,url,Mollitia quae ut blanditiis.,false,32
nulla eum eveniet,url,Enim illum officia consectetur consequuntur nisi quam.,true,26
praesentium necessitatibus blanditiis,url,Fugiat quo odio aliquid.,true,65
hic natus possimus,url,Illum excepturi rerum officiis numquam nemo reiciendis tempore.,false,89
qui beatae vitae,url,Beatae sint recusandae quidem facere veritatis architecto illum mollitia.,true,12
nihil et deserunt,url,Ut sint id blanditiis ut ipsam eos atque.,true,5
expedita ad sunt,url,Optio amet voluptate quae beatae tenetur eum temporibus dolorem vero.,false,33
exercitationem rerum in,url,Aut molestiae voluptate soluta ea dolore neque ullam ex est.,true,53
velit molestiae ea,url,Molestias ut quisquam labore non vero non.,true,54
minima illo excepturi,url,Soluta in qui quaerat laboriosam cupiditate est consequatur corporis ut.,false,31
omnis blanditiis doloremque,url,Eligendi sit aspernatur.,true,93
sunt explicabo reprehenderit,url,Est quisquam et earum cupiditate dolores.,false,2
in laboriosam velit,url,Iste ea repellat aut sunt velit.,false,30
id suscipit ipsum,url,Ut quaerat ab sit porro earum temporibus voluptatem quo.,false,21
fugiat provident labore,url,Qui velit repellat.,false,82
adipisci cum molestias,url,Sed repellendus et.,false,57
in autem aliquid,url,Possimus quibusdam accusamus iure quia reprehenderit.,false,29
est et adipisci,url,Officiis illo doloremque tenetur doloribus harum perferendis.,false,93
eveniet reiciendis commodi,url,Eveniet dicta at odit dignissimos voluptas est adipisci et doloribus.,false,88
sint aut eaque,url,Voluptatum omnis adipisci.,false,65
ut culpa unde,url,Quasi id voluptatibus architecto veritatis voluptatem molestias labore provident.,true,61
in nulla possimus,url,Error animi animi.,false,91
iusto laborum ea,url,Quos soluta rerum optio aperiam error facilis ut.,true,79
voluptas doloribus dolores,url,Saepe officiis et excepturi optio incidunt.,true,13
